<?xml version="1.0" encoding="UTF-8"?>
<config date="1509447760437" transient="false">
	<site updateable="true" url="platform:/base/" enabled="true" policy="USER-EXCLUDE">
		<feature id="org.eclipse.e4.rcp" version="1.6.1.v20170829-0553" url="features/org.eclipse.e4.rcp_1.6.1.v20170829-0553/">
		</feature>
		<feature id="org.eclipse.emf.ecore" version="2.13.0.v20170609-0707" url="features/org.eclipse.emf.ecore_2.13.0.v20170609-0707/">
		</feature>
		<feature id="com.vogella.tycho.feature" version="1.0.0.201710311102" url="features/com.vogella.tycho.feature_1.0.0.201710311102/">
		</feature>
		<feature id="org.eclipse.emf.common" version="2.13.0.v20170609-0707" url="features/org.eclipse.emf.common_2.13.0.v20170609-0707/">
		</feature>
	</site>
</config>
